<?xml version="1.0" encoding="UTF-8"?><?xml-stylesheet type='text/xsl' href='_UpgradeReport_Files/UpgradeReport.xslt'?><UpgradeLog>
<Properties><Property Name="Solution" Value="CondoManagement">
</Property><Property Name="Solution File" Value="F:\Dot Net Projects\Condo Management System VB .Net\CondoManagement\CondoManagement.sln">
</Property><Property Name="User Options File" Value="F:\Dot Net Projects\Condo Management System VB .Net\CondoManagement\CondoManagement.suo">
</Property><Property Name="Date" Value="Saturday, July 26, 2008">
</Property><Property Name="Time" Value="10:36 AM">
</Property></Properties><Event ErrorLevel="0" Project="" Source="CondoManagement.sln" Description="File successfully backed up as F:\Dot Net Projects\Condo Management System VB .Net\CondoManagement\Backup\CondoManagement.sln">
</Event><Event ErrorLevel="0" Project="" Source="CondoManagement.suo" Description="File successfully backed up as F:\Dot Net Projects\Condo Management System VB .Net\CondoManagement\Backup\CondoManagement.suo">
</Event><Event ErrorLevel="0" Project="CondoManagement" Source="CondoManagement\CondoManagement.vbproj" Description="Project file successfully backed up as F:\Dot Net Projects\Condo Management System VB .Net\CondoManagement\Backup\CondoManagement\CondoManagement.vbproj">
</Event><Event ErrorLevel="0" Project="CondoManagement" Source="CondoManagement\CondoManagement.vbproj.user" Description="Project user file successfully backed up as F:\Dot Net Projects\Condo Management System VB .Net\CondoManagement\Backup\CondoManagement\CondoManagement.vbproj.user">
</Event><Event ErrorLevel="0" Project="CondoManagement" Source="CondoManagement\AssemblyInfo.vb" Description="File successfully backed up as F:\Dot Net Projects\Condo Management System VB .Net\CondoManagement\Backup\CondoManagement\AssemblyInfo.vb">
</Event><Event ErrorLevel="0" Project="CondoManagement" Source="CondoManagement\CommonClass.vb" Description="File successfully backed up as F:\Dot Net Projects\Condo Management System VB .Net\CondoManagement\Backup\CondoManagement\CommonClass.vb">
</Event><Event ErrorLevel="0" Project="CondoManagement" Source="CondoManagement\CustomerDetails.vb" Description="File successfully backed up as F:\Dot Net Projects\Condo Management System VB .Net\CondoManagement\Backup\CondoManagement\CustomerDetails.vb">
</Event><Event ErrorLevel="0" Project="CondoManagement" Source="CondoManagement\Customerds.vb" Description="File successfully backed up as F:\Dot Net Projects\Condo Management System VB .Net\CondoManagement\Backup\CondoManagement\Customerds.vb">
</Event><Event ErrorLevel="0" Project="CondoManagement" Source="CondoManagement\CustomerForm.vb" Description="File successfully backed up as F:\Dot Net Projects\Condo Management System VB .Net\CondoManagement\Backup\CondoManagement\CustomerForm.vb">
</Event><Event ErrorLevel="0" Project="CondoManagement" Source="CondoManagement\CustomerReport.vb" Description="File successfully backed up as F:\Dot Net Projects\Condo Management System VB .Net\CondoManagement\Backup\CondoManagement\CustomerReport.vb">
</Event><Event ErrorLevel="0" Project="CondoManagement" Source="CondoManagement\CustomerReport1.vb" Description="File successfully backed up as F:\Dot Net Projects\Condo Management System VB .Net\CondoManagement\Backup\CondoManagement\CustomerReport1.vb">
</Event><Event ErrorLevel="0" Project="CondoManagement" Source="CondoManagement\Form1.vb" Description="File successfully backed up as F:\Dot Net Projects\Condo Management System VB .Net\CondoManagement\Backup\CondoManagement\Form1.vb">
</Event><Event ErrorLevel="0" Project="CondoManagement" Source="CondoManagement\loginsetds.vb" Description="File successfully backed up as F:\Dot Net Projects\Condo Management System VB .Net\CondoManagement\Backup\CondoManagement\loginsetds.vb">
</Event><Event ErrorLevel="0" Project="CondoManagement" Source="CondoManagement\LoginTable.vb" Description="File successfully backed up as F:\Dot Net Projects\Condo Management System VB .Net\CondoManagement\Backup\CondoManagement\LoginTable.vb">
</Event><Event ErrorLevel="0" Project="CondoManagement" Source="CondoManagement\MainMenu.vb" Description="File successfully backed up as F:\Dot Net Projects\Condo Management System VB .Net\CondoManagement\Backup\CondoManagement\MainMenu.vb">
</Event><Event ErrorLevel="0" Project="CondoManagement" Source="CondoManagement\objcustset.vb" Description="File successfully backed up as F:\Dot Net Projects\Condo Management System VB .Net\CondoManagement\Backup\CondoManagement\objcustset.vb">
</Event><Event ErrorLevel="0" Project="CondoManagement" Source="CondoManagement\objroomset.vb" Description="File successfully backed up as F:\Dot Net Projects\Condo Management System VB .Net\CondoManagement\Backup\CondoManagement\objroomset.vb">
</Event><Event ErrorLevel="0" Project="CondoManagement" Source="CondoManagement\objtransactionset.vb" Description="File successfully backed up as F:\Dot Net Projects\Condo Management System VB .Net\CondoManagement\Backup\CondoManagement\objtransactionset.vb">
</Event><Event ErrorLevel="0" Project="CondoManagement" Source="CondoManagement\RoomDetails.vb" Description="File successfully backed up as F:\Dot Net Projects\Condo Management System VB .Net\CondoManagement\Backup\CondoManagement\RoomDetails.vb">
</Event><Event ErrorLevel="0" Project="CondoManagement" Source="CondoManagement\roomds.vb" Description="File successfully backed up as F:\Dot Net Projects\Condo Management System VB .Net\CondoManagement\Backup\CondoManagement\roomds.vb">
</Event><Event ErrorLevel="0" Project="CondoManagement" Source="CondoManagement\RoomForm.vb" Description="File successfully backed up as F:\Dot Net Projects\Condo Management System VB .Net\CondoManagement\Backup\CondoManagement\RoomForm.vb">
</Event><Event ErrorLevel="0" Project="CondoManagement" Source="CondoManagement\RoomTransaction.vb" Description="File successfully backed up as F:\Dot Net Projects\Condo Management System VB .Net\CondoManagement\Backup\CondoManagement\RoomTransaction.vb">
</Event><Event ErrorLevel="0" Project="CondoManagement" Source="CondoManagement\TransactionDetails.vb" Description="File successfully backed up as F:\Dot Net Projects\Condo Management System VB .Net\CondoManagement\Backup\CondoManagement\TransactionDetails.vb">
</Event><Event ErrorLevel="0" Project="CondoManagement" Source="CondoManagement\transactionds.vb" Description="File successfully backed up as F:\Dot Net Projects\Condo Management System VB .Net\CondoManagement\Backup\CondoManagement\transactionds.vb">
</Event><Event ErrorLevel="0" Project="CondoManagement" Source="CondoManagement\TransactionReport.vb" Description="File successfully backed up as F:\Dot Net Projects\Condo Management System VB .Net\CondoManagement\Backup\CondoManagement\TransactionReport.vb">
</Event><Event ErrorLevel="0" Project="CondoManagement" Source="CondoManagement\TransactionReport1.vb" Description="File successfully backed up as F:\Dot Net Projects\Condo Management System VB .Net\CondoManagement\Backup\CondoManagement\TransactionReport1.vb">
</Event><Event ErrorLevel="0" Project="CondoManagement" Source="CondoManagement\ZieZoDB.vb" Description="File successfully backed up as F:\Dot Net Projects\Condo Management System VB .Net\CondoManagement\Backup\CondoManagement\ZieZoDB.vb">
</Event><Event ErrorLevel="0" Project="CondoManagement" Source="CondoManagement\objtransactionset.xsx" Description="File successfully backed up as F:\Dot Net Projects\Condo Management System VB .Net\CondoManagement\Backup\CondoManagement\objtransactionset.xsx">
</Event><Event ErrorLevel="0" Project="CondoManagement" Source="CondoManagement\Customerds.xsd" Description="File successfully backed up as F:\Dot Net Projects\Condo Management System VB .Net\CondoManagement\Backup\CondoManagement\Customerds.xsd">
</Event><Event ErrorLevel="0" Project="CondoManagement" Source="CondoManagement\loginsetds.xsd" Description="File successfully backed up as F:\Dot Net Projects\Condo Management System VB .Net\CondoManagement\Backup\CondoManagement\loginsetds.xsd">
</Event><Event ErrorLevel="0" Project="CondoManagement" Source="CondoManagement\objcustset.xsd" Description="File successfully backed up as F:\Dot Net Projects\Condo Management System VB .Net\CondoManagement\Backup\CondoManagement\objcustset.xsd">
</Event><Event ErrorLevel="0" Project="CondoManagement" Source="CondoManagement\objroomset.xsd" Description="File successfully backed up as F:\Dot Net Projects\Condo Management System VB .Net\CondoManagement\Backup\CondoManagement\objroomset.xsd">
</Event><Event ErrorLevel="0" Project="CondoManagement" Source="CondoManagement\objtransactionset.xsd" Description="File successfully backed up as F:\Dot Net Projects\Condo Management System VB .Net\CondoManagement\Backup\CondoManagement\objtransactionset.xsd">
</Event><Event ErrorLevel="0" Project="CondoManagement" Source="CondoManagement\roomds.xsd" Description="File successfully backed up as F:\Dot Net Projects\Condo Management System VB .Net\CondoManagement\Backup\CondoManagement\roomds.xsd">
</Event><Event ErrorLevel="0" Project="CondoManagement" Source="CondoManagement\transactionds.xsd" Description="File successfully backed up as F:\Dot Net Projects\Condo Management System VB .Net\CondoManagement\Backup\CondoManagement\transactionds.xsd">
</Event><Event ErrorLevel="0" Project="CondoManagement" Source="CondoManagement\CustomerDetails.resx" Description="File successfully backed up as F:\Dot Net Projects\Condo Management System VB .Net\CondoManagement\Backup\CondoManagement\CustomerDetails.resx">
</Event><Event ErrorLevel="0" Project="CondoManagement" Source="CondoManagement\CustomerForm.resx" Description="File successfully backed up as F:\Dot Net Projects\Condo Management System VB .Net\CondoManagement\Backup\CondoManagement\CustomerForm.resx">
</Event><Event ErrorLevel="0" Project="CondoManagement" Source="CondoManagement\CustomerReport.resx" Description="File successfully backed up as F:\Dot Net Projects\Condo Management System VB .Net\CondoManagement\Backup\CondoManagement\CustomerReport.resx">
</Event><Event ErrorLevel="0" Project="CondoManagement" Source="CondoManagement\CustomerReport1.rpt" Description="File successfully backed up as F:\Dot Net Projects\Condo Management System VB .Net\CondoManagement\Backup\CondoManagement\CustomerReport1.rpt">
</Event><Event ErrorLevel="0" Project="CondoManagement" Source="CondoManagement\Form1.resx" Description="File successfully backed up as F:\Dot Net Projects\Condo Management System VB .Net\CondoManagement\Backup\CondoManagement\Form1.resx">
</Event><Event ErrorLevel="0" Project="CondoManagement" Source="CondoManagement\LoginTable.resx" Description="File successfully backed up as F:\Dot Net Projects\Condo Management System VB .Net\CondoManagement\Backup\CondoManagement\LoginTable.resx">
</Event><Event ErrorLevel="0" Project="CondoManagement" Source="CondoManagement\MainMenu.resx" Description="File successfully backed up as F:\Dot Net Projects\Condo Management System VB .Net\CondoManagement\Backup\CondoManagement\MainMenu.resx">
</Event><Event ErrorLevel="0" Project="CondoManagement" Source="CondoManagement\RoomDetails.resx" Description="File successfully backed up as F:\Dot Net Projects\Condo Management System VB .Net\CondoManagement\Backup\CondoManagement\RoomDetails.resx">
</Event><Event ErrorLevel="0" Project="CondoManagement" Source="CondoManagement\RoomForm.resx" Description="File successfully backed up as F:\Dot Net Projects\Condo Management System VB .Net\CondoManagement\Backup\CondoManagement\RoomForm.resx">
</Event><Event ErrorLevel="0" Project="CondoManagement" Source="CondoManagement\RoomTransaction.resx" Description="File successfully backed up as F:\Dot Net Projects\Condo Management System VB .Net\CondoManagement\Backup\CondoManagement\RoomTransaction.resx">
</Event><Event ErrorLevel="0" Project="CondoManagement" Source="CondoManagement\TransactionDetails.resx" Description="File successfully backed up as F:\Dot Net Projects\Condo Management System VB .Net\CondoManagement\Backup\CondoManagement\TransactionDetails.resx">
</Event><Event ErrorLevel="0" Project="CondoManagement" Source="CondoManagement\TransactionReport.resx" Description="File successfully backed up as F:\Dot Net Projects\Condo Management System VB .Net\CondoManagement\Backup\CondoManagement\TransactionReport.resx">
</Event><Event ErrorLevel="0" Project="CondoManagement" Source="CondoManagement\TransactionReport1.rpt" Description="File successfully backed up as F:\Dot Net Projects\Condo Management System VB .Net\CondoManagement\Backup\CondoManagement\TransactionReport1.rpt">
</Event><Event ErrorLevel="0" Project="CondoManagement" Source="CondoManagement\CondoManagement.vbproj" Description="Project converted successfully">
</Event><Event ErrorLevel="3" Project="CondoManagement" Source="CondoManagement\CondoManagement.vbproj" Description="Converted">
</Event><Event ErrorLevel="0" Project="" Source="CondoManagement.sln" Description="Solution converted successfully">
</Event><Event ErrorLevel="3" Project="" Source="CondoManagement.sln" Description="Converted">
</Event><Event ErrorLevel="0" Project="CondoManagement" Source="CondoManagement\CondoManagement.vbproj" Description="Scan complete: Upgrade not required for project files.">
</Event></UpgradeLog>